id,semester,gender,height,age,likes_chocolate,likes_ananas_on_pizza,english_skills,books_per_year
0,2,0,180.34021,21,1,1,86.00277,1
1,8,1,169.7728,24,1,0.00008825351,,7
2,15,0,,25,0,0.31065047,110.10128,5
3,16,0,193.07658,26,1,0.42998534,104.37834,1
4,8,0,191.60521,23,1,,114.612625,8
5,23,1,168.09204,30,1,0.9803891,109.05929,7
6,1,1,155.28023,22,1,0.9993575,93.80618,9
7,10,1,163.79173,25,1,0.15933171,96.908775,5
8,11,1,166.27414,25,1,0.73866814,112.824524,2
9,16,1,152.73837,26,1,0.22541146,85.4132,2
10,4,1,155.49683,23,1,0.9935232,103.71762,0
11,12,0,182.99443,25,1,0.000000014772754,97.49111,8
12,4,0,,24,0,,103.92843,2
13,10,0,176.1583,24,0,,103.68916,4
14,14,0,,26,1,0.765378,,4
15,11,1,147.35701,28,1,,104.765976,2
16,13,0,174.35382,27,1,0.9961749,108.659874,6
17,23,0,176.25458,29,0,,89.53476,
18,10,0,,23,1,0.25402626,98.485405,2
19,12,1,168.7656,25,0,0.42850077,97.813644,8
20,19,0,190.2549,29,1,0.9992242,,4
21,14,1,130.98425,28,1,0.5540236,81.433655,4
22,12,0,191.99811,24,1,0.00015648022,103.53044,4
23,5,1,164.94525,23,1,0.4424971,104.605965,2
24,10,0,184.05621,26,1,0.99999833,105.57585,2
25,25,0,181.04439,33,1,0.99420553,,5
26,3,0,185.16776,22,1,,97.49438,3
27,,0,184.78703,31,1,0.0000680887,101.85312,
28,3,0,185.08646,24,1,,108.83659,3
29,2,1,148.29999,23,1,0.0064308564,97.92488,4
30,7,0,168.18584,28,1,0.3533299,113.63984,2
31,25,1,157.80803,30,0,0.9998504,90.93232,3
32,,0,,31,1,0.39825153,95.659386,2
33,23,0,172.6442,30,1,0.77166146,103.96213,8
34,,0,186.77565,32,1,,100.433945,2
35,7,0,175.79506,20,1,0.30990595,95.115135,4
36,,0,190.36948,34,1,0.086236335,92.90982,0
37,3,0,181.61075,21,0,,91.83683,0
38,14,0,,26,1,,100.760475,2
39,6,0,180.967,23,1,0.0000000033526923,100.2885,7
40,8,0,180.05032,25,1,0.9998728,98.6001,0
41,3,1,165.87325,23,1,0.22181809,93.53309,3
42,4,0,185.32784,22,1,0.0011209924,86.50849,
43,5,0,190.2698,23,1,0.00061885966,114.58304,9
44,9,0,181.37204,25,1,0.99996144,100.51639,4
45,21,0,180.20842,31,1,0.000000007443936,84.62335,0
46,3,0,184.57307,22,1,0.99453115,107.89626,3
47,0,0,171.27977,21,1,,103.312126,6
48,9,0,183.95943,22,0,,110.7221,3
49,11,0,192.6211,26,0,1.337964E-15,88.533615,6
50,14,0,171.73497,25,1,0.99177384,107.839714,
51,10,0,,25,1,0.565803,96.89274,2
52,2,0,185.33,21,1,,87.52438,1
53,13,1,159.17638,28,1,0.84281206,105.57537,9
54,0,0,186.61655,23,1,,109.40496,3
55,18,0,166.64171,30,1,0.9918005,113.51737,2
56,14,0,165.99962,27,1,0.98564684,106.21712,4
57,18,0,192.36124,26,0,,95.55767,0
58,14,1,144.22029,26,0,,,5
59,12,1,155.76543,27,0,0.8261149,94.03358,4
60,14,1,150.25252,24,1,0.0000193895,96.27478,4
61,14,1,167.18825,27,1,0.72500247,107.981026,5
62,3,1,156.09178,21,0,0.99499077,101.51011,4
63,2,0,185.11086,22,1,,110.185486,4
64,11,0,180.6036,24,1,0.0104751345,110.985535,
65,28,0,193.42873,31,1,0.9999988,,7
66,6,0,180.68529,25,1,,95.54853,3
67,12,0,179.62668,26,1,0.10887591,86.57862,4
68,10,0,181.92712,25,0,0.19520442,109.01728,6
69,,0,183.64928,31,1,0.15177248,100.047356,5
70,12,0,163.76057,28,1,,102.70725,7
71,17,1,151.30788,26,1,0.1584839,97.44669,2
72,18,0,189.26112,30,1,0.9626166,106.29087,7
73,8,1,152.46793,23,0,,101.98613,3
74,10,0,,24,1,0.07420523,102.433464,5
75,9,0,158.66307,28,0,0.5890643,101.99532,2
76,2,0,,22,1,0.7765254,93.18337,9
77,7,0,178.40767,24,1,0.7656608,88.18204,4
78,0,0,194.7778,24,1,,100.78721,0
79,13,1,165.89018,24,1,0.8204348,96.84977,0
80,4,0,194.08694,25,1,0.11063437,105.40035,2
81,14,0,,26,1,0.999624,79.65899,3
82,12,1,158.83151,23,1,0.43848556,103.097534,7
83,21,0,,29,0,,97.985985,3
84,9,0,184.65273,25,0,0.6510374,103.899994,2
85,16,1,,28,1,0.9087606,108.61752,5
86,14,1,160.38783,26,1,0.67422926,111.18646,2
87,12,1,155.12488,27,1,,84.66655,9
88,4,0,194.01318,25,1,0.99961585,96.51021,
89,19,0,,29,1,,90.269455,5
90,,1,157.71419,31,1,0.42784336,108.85063,
91,25,0,188.17433,31,1,,91.55063,
92,0,0,,21,1,0.7711478,107.35745,5
93,8,0,191.74406,21,1,,88.010666,4
94,17,0,190.51079,24,1,0.00042141558,98.984085,5
95,7,1,155.89911,28,1,0.99999976,,2
96,6,1,153.98415,27,1,0.091423266,99.24702,5
97,21,1,151.02487,29,1,0.9925859,88.45983,
98,6,0,177.15416,25,1,,109.73176,3
99,12,0,171.72958,23,1,0.000022884342,102.87246,7
100,3,1,148.68694,21,1,0.9361086,94.47539,6
101,25,0,180.98021,32,1,0.60715157,85.32782,1
102,12,0,186.94331,26,1,0.4487951,90.98403,2
103,13,0,188.02997,26,1,0.0036614987,92.557,0
104,10,0,191.29942,25,1,,93.1112,7
105,6,0,188.52295,22,0,,92.52342,9
106,12,0,177.13922,23,1,0.026810022,96.164795,5
107,9,1,160.32181,24,1,0.8255318,103.314285,3
108,4,0,176.85954,23,1,0.97399896,,2
109,20,0,184.39417,30,1,0.6183026,98.49327,2
110,16,1,158.77126,28,1,0.0017569946,97.83983,0
111,9,1,158.95741,22,1,,91.71707,1
112,1,0,173.15254,23,0,0.99958307,94.450905,1
113,8,1,159.32727,24,0,0.987921,101.75744,3
114,17,0,192.67993,25,1,0.6029741,,1
115,6,0,,26,1,,111.14624,2
116,21,1,151.41042,34,0,0.26294184,96.42415,9
117,2,0,186.85013,22,1,,95.73432,4
118,8,0,182.52849,25,1,0.08452496,107.760345,0
119,14,0,185.32486,28,1,0.04064215,95.997536,3
120,5,0,178.59584,24,0,0.9999467,100.83214,0
121,8,1,150.52806,22,1,0.98730165,105.509285,1
122,8,0,186.63864,22,1,,94.4223,
123,20,1,140.40411,28,1,,83.807144,
124,7,0,190.31519,24,1,,,0
125,17,0,,22,1,0.013900856,104.98399,1
126,8,1,166.16646,23,1,0.00041185183,103.41157,3
127,0,0,183.39551,22,1,0.999799,106.103264,5
128,4,0,174.2785,20,0,,94.90718,
129,0,0,190.93375,24,1,0.1035279,102.61249,6
130,6,0,190.27899,24,0,0.99211866,97.6501,4
131,18,0,178.73889,28,1,0.00000018093196,95.690216,5
132,21,0,182.03658,29,1,0.0389838,98.057594,4
133,10,0,190.2796,27,1,0.9994708,106.254654,8
134,8,0,179.6056,25,1,,110.59346,7
135,14,0,173.64552,28,1,0.5314528,98.041245,6
136,6,0,179.80814,23,1,0.038929947,100.80598,5
137,10,0,180.3212,24,1,0.9058493,98.98462,4
138,31,0,179.17723,29,1,0.70627505,103.71244,2
139,8,0,,24,1,0.3646168,109.230835,1
140,14,0,167.15167,27,1,,109.55441,4
141,,1,145.29706,31,1,0.00003479697,105.63062,7
142,0,0,,21,1,0.99944323,88.475,
143,9,0,,24,1,0.86080086,88.4151,6
144,11,0,190.85788,25,1,0.96375954,93.86751,4
145,,0,189.54433,33,0,0.15808706,94.386566,1
146,5,1,156.37157,23,1,0.01602063,99.72148,6
147,20,0,191.30882,31,1,0.08906492,85.962494,2
148,11,0,182.31499,29,1,,90.348755,5
149,10,0,186.6222,24,1,0.8628807,88.938515,7
150,11,0,,22,0,0.0003829607,111.895035,
151,12,0,,22,1,0.99935526,95.523476,4
152,4,0,188.54639,24,1,,106.73669,7
153,14,1,158.78809,28,0,0.98929435,112.48204,1
154,2,0,187.44154,22,1,,84.03576,8
155,17,0,186.33292,27,1,,104.74069,7
156,24,0,178.06395,29,1,0.9246512,105.04559,0
157,7,1,145.49919,25,1,,84.97978,3
158,18,0,185.68158,28,0,0.06588069,88.01347,3
159,6,0,185.15652,22,1,0.46841332,100.623795,7
160,17,1,147.59218,28,1,,102.09942,6
161,8,1,144.70981,22,1,0.17031232,97.69721,3
162,6,1,155.37111,21,1,0.99969363,87.250275,3
163,10,0,172.82538,26,0,0.007932619,,7
164,17,0,189.73135,26,1,0.9067714,104.06026,0
165,3,0,,24,1,0.082704365,86.604836,
166,5,0,174.00427,25,1,,94.271835,2
167,,0,190.56337,31,1,0.9879766,92.63963,5
168,11,1,167.38982,29,1,0.99996006,95.928986,
169,18,0,,30,0,,101.42124,
170,7,0,181.79686,24,1,0.09031454,97.25919,5
171,8,1,151.15398,26,0,0.9999999,100.95818,0
172,25,0,166.18188,30,1,0.99811584,98.973404,1
173,21,0,178.35376,29,1,,111.42848,2
174,20,0,190.75357,28,0,0.99995404,109.764465,6
175,10,0,192.58727,24,1,,87.100174,0
176,15,0,192.3746,24,0,0.14235818,106.11218,
177,6,0,,22,1,,93.76861,6
178,9,0,173.65723,27,0,0.41758928,95.14813,
179,4,0,169.16878,25,1,0.0004950416,109.91618,6
180,24,0,181.7825,30,1,,104.2048,4
181,1,0,188.14662,20,1,0.99997723,110.76651,0
182,15,0,,27,1,,111.57394,9
183,16,0,175.93146,31,1,0.005353362,99.56631,4
184,6,0,,24,1,0.00019161154,95.57043,6
185,15,0,176.8644,24,0,,98.92844,6
186,23,0,,30,0,0.012472745,94.7356,6
187,31,0,181.34097,34,0,0.005725866,103.63993,
188,12,0,182.27705,28,1,0.80294806,,2
189,14,0,184.47008,26,1,0.96184784,111.3758,3
190,16,0,193.3419,27,1,0.00088411634,88.661316,
191,15,0,169.36996,26,1,0.999991,,6
192,2,0,184.93596,23,1,0.2584886,107.89975,0
193,27,0,187.65111,30,1,0.0000011135681,102.1419,
194,17,1,156.1693,25,1,0.99990344,91.36732,0
195,23,0,183.75896,27,1,0.003596619,98.58105,5
196,13,1,162.37524,24,1,0.96522355,96.97647,2
197,8,0,186.01611,22,0,,90.953926,8
198,13,0,171.4811,26,1,0.9982938,109.53763,1
199,13,0,187.17268,24,1,0.6115726,100.91933,7
200,4,1,166.55489,22,1,0.96629757,100.111664,3
201,2,1,163.43019,23,1,0.61610687,95.33656,2
202,17,0,190.87141,28,1,0.00025128212,,5
203,7,1,166.62761,26,1,0.05273704,99.07804,2
204,0,0,180.32161,22,0,0.9920042,98.47258,7
205,11,1,,25,0,0.9972088,,8
206,11,0,171.4332,25,1,0.9999972,93.03822,0
207,3,0,182.75542,24,1,0.5498465,94.014984,
208,8,0,177.13892,25,0,0.9205042,100.56973,9
209,16,0,193.26357,27,1,0.00053008826,99.570404,7
210,11,0,193.22426,27,1,0.0024195104,104.93889,7
211,22,0,186.6317,31,0,0.99885315,88.267914,
212,9,1,,27,0,0.17959814,97.25709,2
213,,0,178.07297,34,1,0.21129963,103.73175,2
214,0,1,156.5868,21,1,0.9700078,98.18338,4
215,1,0,187.41379,24,1,0.18053138,105.919975,6
216,,0,183.57945,34,1,,93.60114,
217,6,0,177.05112,23,1,0.0011464473,102.017525,7
218,23,0,183.76186,31,1,0.99999875,99.077446,0
219,18,1,154.96735,25,0,0.5619205,90.3367,8
220,4,1,156.22154,23,0,1,109.09629,5
221,3,1,159.71538,23,1,0.78179187,,0
222,3,1,,21,1,0.86595094,105.42474,0
223,20,0,168.41957,27,1,,108.78102,1
224,0,1,163.81706,21,1,,93.124535,3
225,14,1,149.44458,26,1,0.9197337,98.222244,4
226,6,0,183.47546,25,1,,95.08837,9
227,10,0,174.66525,25,1,0.0005369152,95.545456,3
228,9,0,192.8052,25,0,0.10187485,109.97278,9
229,24,1,160.02061,31,1,,93.75154,2
230,5,1,157.97208,23,1,0.9612401,93.43121,2
231,17,0,182.4127,29,0,0.56766814,92.12832,8
232,7,0,183.41446,23,1,0.5871985,104.28909,3
233,7,0,170.54099,23,1,0.07905511,92.92059,3
234,24,0,191.53589,28,1,0.050662413,88.91648,2
235,16,1,137.75735,27,0,0.99995315,81.847916,9
236,12,1,162.77046,24,1,,112.80484,2
237,16,0,186.92146,24,1,0.11886817,82.71987,7
238,0,1,150.43782,23,1,0.20301573,112.43169,6
239,,1,152.47829,31,1,0.06760182,,1
240,11,0,188.95982,24,1,,92.18526,0
241,0,0,184.75858,23,0,0.00002221521,109.548836,4
242,,1,146.49089,31,1,0.7644862,100.07522,2
243,21,1,163.96338,30,1,,104.22556,3
244,5,0,182.3631,25,1,0.12018157,81.09855,4
245,11,0,161.14581,23,1,0.99149066,102.90755,2
246,5,0,190.83893,23,1,0.6569458,95.18725,5
247,17,0,162.31683,24,1,,99.158394,3
248,11,0,174.87701,25,0,0.14700384,91.51381,4
249,12,0,,25,1,0.8162272,106.93818,6
250,26,1,155.34323,27,0,0.068473995,114.0231,5
251,14,1,154.12715,25,1,0.9999997,105.35692,2
252,10,0,171.23474,24,1,,103.27554,4
253,7,1,168.70091,23,0,0.30578333,96.79361,2
254,0,0,170.22757,21,1,0.5896451,99.83997,9
255,9,0,185.50159,23,0,0.033085912,114.03596,7
256,5,0,189.1647,23,1,0.58438444,104.35828,3
257,7,0,174.80417,24,1,0.0001233247,93.25833,5
258,11,0,180.92241,25,1,0.03063737,,4
259,22,0,189.06398,27,1,1,,2
260,16,0,,30,0,0.99998885,93.98186,0
261,11,0,191.84863,30,1,0.0003813294,104.982056,7
262,,1,153.05417,32,0,,79.91618,7
263,29,1,156.14874,34,1,0.0000000020916924,96.84479,5
264,10,1,158.17247,28,1,0.99013096,,0
265,2,0,174.18549,24,0,0.99996066,102.51679,2
266,4,0,174.25731,25,1,0.9408404,,8
267,,1,152.17699,32,0,0.74307305,96.703384,2
268,14,1,165.17549,24,1,,109.72916,
269,0,1,154.76239,22,1,,80.57587,2
270,6,0,192.41745,24,1,,111.63651,3
271,,0,168.9175,31,1,0.9655861,96.9879,2
272,19,0,161.9984,29,1,0.6905753,94.176926,
273,0,0,185.21202,22,1,0.3281324,95.13594,
274,14,0,184.10205,26,1,0.0076109716,90.504005,6
275,7,1,153.59258,26,1,0.0027313188,89.43238,4
276,9,0,177.42761,26,1,,106.819435,
277,9,1,151.67235,26,1,0.0024025252,96.77059,5
278,14,1,152.05762,27,1,0.09283458,96.88366,
279,15,1,137.49411,27,1,1,87.65259,0
280,1,0,184.73997,23,0,0.3248883,94.52446,4
281,18,0,191.19843,27,1,0.87734854,107.88185,0
282,18,0,190.30502,29,1,0.98812324,106.55734,0
283,14,1,156.3669,28,1,,86.450066,4
284,12,0,,26,1,0.09869358,112.28745,
285,8,0,189.68307,24,1,,96.019646,8
286,23,1,153.95233,29,1,,101.343475,
287,13,0,172.4767,26,1,0.046919722,97.39802,6
288,7,1,153.21223,24,1,0.0027229036,90.06778,4
289,8,1,149.7822,24,1,0.027446419,92.62825,3
290,14,0,,26,1,,84.72046,8
291,6,1,156.8973,23,1,0.13116296,100.05285,1
292,10,1,161.41211,25,1,0.017719036,79.70074,9
293,9,0,183.33337,25,1,0.48025516,109.56046,1
294,21,0,187.11816,27,1,0.000054425956,96.75703,1
295,13,0,191.34012,26,0,0.00012845437,92.30559,1
296,8,0,179.30649,24,1,0.019153789,89.98724,3
297,14,0,184.95863,26,1,,87.419846,2
298,4,0,160.3325,26,1,0.31759045,103.703636,9
299,,0,174.93523,32,1,1,103.523,9
300,1,0,172.86945,22,1,,85.26323,5
301,13,0,185.10631,25,1,,69.3082,3
302,17,0,187.09598,29,1,,97.124016,7
303,10,1,165.28468,27,0,0.6347641,109.8941,2
304,13,0,188.48714,23,1,0.3481676,94.01956,3
305,6,1,152.70076,21,1,,110.98628,1
306,16,0,160.95026,27,1,0.08762005,94.75955,2
307,16,0,179.29501,28,1,,96.97113,1
308,5,0,,25,1,,80.03375,4
309,14,0,179.33548,27,1,0.97767305,99.73775,6
310,6,0,174.72731,26,1,0.0000009717681,104.3658,1
311,25,0,194.08414,30,1,,91.76688,
312,13,0,187.15784,22,1,,104.47567,
313,13,0,,25,1,0.99988335,99.54497,1
314,20,0,158.34218,28,1,,79.93582,3
315,4,0,171.5172,21,1,,98.62441,7
316,20,0,168.0037,28,1,0.50554526,70.61926,2
317,20,0,184.11388,32,1,0.99998933,88.029045,0
318,1,0,,20,1,,88.78902,6
319,16,1,140.27666,27,1,0.00008980942,107.84223,5
320,22,0,193.05602,30,1,0.39787263,105.64119,1
321,8,1,163.66666,23,0,0.0013393309,,5
322,,1,154.18394,35,1,,72.625854,5
323,13,0,,26,1,0.98945653,99.41818,4
324,16,0,173.23642,27,1,0.9886121,102.10476,0
325,14,0,183.34651,24,1,0.0046874033,,4
326,5,0,177.2268,25,0,0.0027307642,87.22777,1
327,10,1,138.80473,21,1,0.32196346,100.36985,5
328,,0,180.37553,33,1,,87.61829,
329,14,0,176.12178,27,0,0.018692782,90.19531,4
330,26,0,179.81909,30,1,0.010281128,98.56375,5
331,15,0,189.9554,27,0,0.0000003861177,95.56885,3
332,1,0,182.33087,23,0,,101.71693,0
333,3,0,178.33945,22,1,0.99986136,91.920616,3
334,3,1,148.69125,21,1,,107.77688,6
335,13,0,,27,1,0.9995456,109.47415,7
336,7,0,,21,1,0.19548906,109.66844,2
337,19,0,168.83893,31,1,0.99969786,95.73351,2
338,14,0,193.4682,29,1,0.34097555,106.16428,0
339,1,1,165.67563,21,0,0.9999973,111.417274,3
340,14,0,188.55785,29,0,,99.603615,
341,26,0,190.49332,31,0,0.99999446,90.999,3
342,21,0,191.45554,33,1,0.995101,90.18388,6
343,14,0,176.38165,29,1,0.26372853,107.82974,2
344,13,0,,25,1,,83.5013,2
345,18,0,192.98637,29,1,0.9999883,102.78621,3
346,3,0,175.08609,21,1,0.55215675,,5
347,13,0,176.32994,26,1,0.9671376,97.40042,8
348,5,0,186.02612,24,0,,88.055916,
349,21,0,178.91039,30,1,,101.71262,3
350,7,1,153.50261,24,1,0.9783843,102.79576,0
351,13,0,194.2766,29,1,,72.35625,4
352,9,0,170.69751,25,1,0.99996096,90.37308,2
353,15,1,161.17186,27,1,0.9999034,107.975266,5
354,19,0,178.38864,28,1,,101.039635,1
355,,1,144.85844,32,1,0.99981564,101.85461,0
356,7,1,170.02776,26,0,0.54784423,89.95753,0
357,21,0,184.54298,29,1,,105.33291,7
358,11,0,194.32932,25,1,0.694855,112.36682,5
359,1,0,188.75983,21,1,0.99986285,102.51155,3
360,1,0,190.19951,22,1,0.7427027,,2
361,4,0,187.58693,21,1,0.9485059,87.39538,
362,4,1,152.30035,24,1,,,2
363,4,1,166.55617,24,1,0.9998591,114.20314,7
364,11,1,168.14243,26,1,0.3048624,80.272736,6
365,10,1,154.16417,25,0,0.8790126,100.15955,7
366,8,1,151.74084,24,0,0.99807185,110.94513,3
367,15,0,182.35278,26,1,0.021494763,92.544235,5
368,6,1,154.05405,26,1,0.0101865055,99.92851,2
369,21,1,142.46231,32,1,0.99988884,96.348045,1
370,14,1,157.14804,27,1,0.9358515,113.01294,4
371,0,0,,23,1,0.0028786028,87.47536,1
372,14,1,160.8425,26,1,0.9685141,102.16616,2
373,11,0,194.03131,24,0,0.60604584,98.132,2
374,1,0,173.68167,23,1,0.014070425,113.61102,3
375,13,0,193.14832,30,1,,114.89828,6
376,20,0,177.5986,27,1,0.054683123,102.15368,2
377,10,0,,25,1,0.2419422,93.316734,8
378,19,1,164.13364,28,1,1.1688173E-19,112.46356,6
379,6,0,189.44244,23,1,0.58188504,114.15237,2
380,20,0,,31,1,1,88.067825,2
381,21,0,185.64359,30,1,0.7366347,95.72014,3
382,17,1,150.9451,26,0,0.0003009008,80.15082,7
383,0,0,166.90562,22,1,0.42234454,97.60469,5
384,19,0,,29,1,,96.76886,9
385,8,1,145.47597,23,1,0.64982975,,6
386,4,1,148.91342,23,1,0.0093882475,97.03155,3
387,11,0,164.69545,24,1,0.039127402,98.97596,9
388,8,1,153.82431,25,1,,92.213165,2
389,4,0,173.75104,21,1,0.7579803,91.186104,5
390,10,0,190.93668,23,1,0.0028908893,95.746254,1
391,18,0,,28,1,,95.49916,
392,17,1,163.9663,27,1,,102.66002,0
393,4,0,178.49207,23,0,0.0000059402105,,3
394,20,0,,27,1,0.9999717,86.482285,3
395,6,0,179.92004,22,0,0.11751592,103.629456,0
396,0,0,168.01045,21,0,0.0000019258505,101.70454,9
397,9,1,136.01384,22,1,0.89194626,102.81359,
398,5,1,161.10185,24,1,,102.49275,2
399,7,0,190.37198,26,1,,,3
400,7,0,184.08531,22,1,0.50039434,90.571884,3
401,7,0,173.59782,25,0,,100.39957,6
402,9,1,158.86705,27,1,0.99998283,108.031624,3
403,4,0,170.87852,23,1,,90.79961,0
404,15,1,148.87308,27,1,0.99449056,82.40155,2
405,17,0,179.94281,26,1,0.1257026,101.34053,7
406,13,0,193.60191,25,1,0.030829867,102.71314,2
407,,1,133.76688,31,0,0.6212893,88.107574,3
408,0,0,175.30812,22,0,0.1374429,104.93867,8
409,11,0,181.64174,29,1,,93.726555,6
410,0,0,181.94,22,1,0.9893016,99.09845,2
411,29,1,149.83841,30,1,,,6
412,8,0,183.21472,25,1,,83.817184,3
413,8,0,169.33386,23,1,,106.13402,9
414,9,0,180.41214,25,1,0.7964479,98.40246,8
415,13,0,,23,1,0.14129758,113.821686,7
416,9,0,189.34447,22,0,0.029264634,94.16493,7
417,35,0,189.12444,37,0,0.9698395,,3
418,4,0,193.32263,22,1,0.86645496,82.382,1
419,4,0,186.09183,27,1,0.67753595,,2
420,,0,175.81598,35,1,,90.002335,6
421,6,0,,23,0,0.00034584224,87.23885,3
422,14,1,144.16606,25,1,0.2558254,85.91176,7
423,15,1,154.07993,28,1,0.20861031,92.4925,2
424,0,0,189.95024,22,0,0.0000000046434465,96.27984,
425,7,1,152.46709,22,1,0.00635489,111.36681,2
426,11,0,170.91467,24,0,0.36446714,97.28046,
427,2,1,170.45113,22,1,0.9533093,90.47622,
428,14,1,133.2588,24,0,,96.89187,0
429,14,1,164.01538,26,1,0.9994952,,2
430,1,0,182.41623,22,1,0.9957863,89.61517,8
431,2,0,177.20284,21,1,0.9999858,99.08561,2
432,15,1,162.48206,24,1,0.96001697,,9
433,13,0,175.97357,24,1,0.13883206,91.28613,5
434,0,0,190.11658,23,0,,97.85936,1
435,6,1,130.32074,25,0,0.0050942977,101.50434,2
436,22,0,188.0203,32,1,0.78494304,,1
437,0,0,,22,1,0.7524885,112.75871,2
438,,0,181.35771,33,0,,108.10278,2
439,6,0,164.85065,22,1,0.10274715,114.278915,7
440,20,1,153.13336,29,1,0.058567952,113.150215,2
441,1,0,176.93694,22,1,0.8291721,98.39137,7
442,,0,178.89842,32,0,,104.29425,0
443,4,0,173.17433,23,1,,103.41312,5
444,3,1,160.34258,23,1,0.89690304,106.64833,2
445,0,1,156.12462,22,0,0.985074,103.5961,5
446,16,1,147.013,30,1,0.9986643,88.57802,0
447,20,0,188.13016,29,1,0.873705,100.59291,3
448,29,1,169.0963,33,1,0.9936194,114.512184,3
449,7,0,177.40387,24,1,0.00009269438,89.45653,8
450,15,0,181.173,27,1,,110.02341,5
451,5,0,177.47046,24,0,0.26442644,,7
452,13,0,169.25113,28,1,0.000002725077,97.160965,3
453,7,0,170.71918,26,1,,106.00652,8
454,11,1,171.79675,25,1,0.80705464,100.82816,0
455,9,0,182.11908,26,1,0.0002187948,106.38554,2
456,13,0,166.14864,28,1,0.8448992,97.01209,2
457,8,0,188.40138,24,1,6.7817757E-13,108.94446,1
458,14,0,183.01021,23,1,,83.6068,9
459,9,1,152.9983,26,1,0.0014493716,94.95111,6
460,4,1,152.9689,25,0,0.066945195,101.85363,4
461,11,0,160.88156,27,1,0.9215233,84.6144,2
462,13,0,173.67683,25,1,0.9997544,107.39818,
463,14,1,163.72372,28,1,0.0013987508,103.02774,
464,8,0,179.56995,26,1,,101.472084,6
465,14,1,168.29445,27,0,,97.849304,2
466,12,0,,26,1,0.92020446,,3
467,12,0,181.22102,25,0,0.0040487526,98.3089,2
468,6,0,182.60313,24,1,0.5269036,101.94888,2
469,13,0,193.35452,23,1,0.25476518,104.76848,0
470,5,1,154.40747,21,1,0.022818374,95.03542,4
471,15,0,185.09644,26,1,0.99941933,103.15595,6
472,16,0,189.21881,29,0,0.60309696,88.61736,3
473,2,0,,20,1,,109.49295,6
474,9,0,170.57484,24,1,0.033616386,105.63276,3
475,5,1,147.17778,23,0,,111.83532,3
476,4,1,144.44368,22,0,,92.45644,0
477,0,1,165.43117,23,1,0.95429605,108.2718,7
478,0,1,161.22012,21,1,0.97497565,74.40283,4
479,9,0,,24,0,,81.09807,3
480,14,0,187.94244,24,0,0.0018698286,99.10474,5
481,1,0,185.55975,22,1,,103.834366,9
482,15,0,169.02171,30,1,,100.615005,2
483,10,0,,24,0,,111.10857,5
484,6,1,161.55327,23,1,0.992154,105.33557,1
485,1,0,193.01709,23,0,0.65803474,102.95999,3
486,16,0,184.40646,25,1,,91.94511,4
487,16,1,138.11705,29,0,,97.14317,0
488,11,1,140.71727,29,1,0.55755216,103.11757,2
489,10,0,181.34991,25,1,,106.65726,3
490,16,0,192.02002,27,1,0.04750987,87.20097,
491,26,0,181.48227,29,1,0.9995778,100.07346,7
492,16,0,173.60007,28,0,0.00044245145,93.19075,2
493,11,1,164.9331,25,1,1,104.63723,5
494,9,1,,21,1,0.11702934,96.07811,0
495,13,1,140.9483,26,1,0.862965,98.22222,9
496,18,1,164.97617,28,1,0.15850118,95.579796,4
497,12,1,144.57121,25,0,0.3443362,100.27784,4
498,12,0,,28,0,0.8606616,106.450325,2
499,,1,165.6441,31,1,0.104380146,89.273056,5
500,18,0,168.96255,23,1,0.9999846,101.6565,6
501,0,0,189.50526,20,1,0.96371025,96.28664,
502,1,0,192.00072,21,1,0.033750765,85.24112,6
503,16,0,186.12817,27,1,,91.588425,1
504,7,0,181.94084,23,1,,95.64176,6
505,11,0,176.294,24,0,0.045334995,114.780426,7
506,9,0,188.0395,26,1,0.00040795136,95.577995,3
507,24,1,171.1875,32,1,0.9997796,99.26603,
508,10,0,188.68689,24,1,0.7771994,114.283066,0
509,17,0,184.09912,28,1,0.99858683,102.63998,7
510,21,0,191.74535,30,0,0.99999756,86.89144,6
511,9,0,182.2659,25,1,0.00076801016,87.28813,2
512,15,0,182.43834,27,1,1,,9
513,9,0,184.28575,24,1,0.008063842,87.09932,0
514,7,1,146.3566,26,1,0.23220803,,1
515,0,0,190.5148,22,1,,111.13021,8
516,20,1,174.05666,29,1,,,4
517,9,0,191.55458,26,1,,107.54973,
518,6,0,190.39029,24,1,0.99538004,109.97555,2
519,7,0,184.7055,24,1,,90.46168,2
520,0,0,173.60066,22,0,0.00017008197,105.935104,5
521,6,0,192.09145,22,1,0.09891847,97.98823,1
522,10,0,179.78688,24,1,,100.18137,
523,19,0,193.324,30,1,0.003695656,92.60773,5
524,8,0,,22,0,0.42344812,93.44145,6
525,7,0,193.90128,23,1,0.9969788,97.62521,
526,19,1,148.23462,26,1,0.9874946,96.67177,2
527,4,0,188.60939,24,1,0.9999962,104.755905,5
528,15,1,147.24002,28,1,,99.29525,0
529,16,0,186.98318,29,1,0.9999996,96.525314,2
530,10,1,149.00365,26,1,,103.089615,7
531,5,1,149.28506,23,1,,106.4151,2
532,8,0,169.68153,25,1,,,
533,10,1,143.60216,28,1,,89.672195,5
534,,0,155.90637,32,1,0.9197569,100.62228,2
535,2,0,194.23663,21,1,,102.4342,2
536,,0,185.66061,35,1,0.44698432,90.83826,2
537,6,0,183.16348,23,1,,109.68582,7
538,9,0,,23,1,0.004763275,94.99093,7
539,8,0,175.60068,23,1,,98.903175,1
540,9,0,190.97557,24,0,,76.47205,3
541,1,0,174.11981,21,1,0.9978312,109.54178,1
542,0,0,163.30704,22,1,0.95482206,105.23111,6
543,,0,187.11285,36,1,,96.27212,5
544,20,1,154.70947,33,1,,92.14399,2
545,18,0,183.25793,25,0,,102.51406,4
546,0,0,186.7854,25,0,0.8347354,91.77238,3
547,5,0,177.37274,21,1,0.9103309,91.1585,
548,13,0,170.20387,28,1,0.66987395,109.79499,5
549,3,1,165.06984,24,1,0.67907894,93.000465,8
550,7,1,148.30911,25,1,,113.87951,6
551,11,0,173.25,24,0,,79.313324,3
552,7,1,152.08557,23,1,,94.14355,6
553,16,0,,25,1,0.9577281,104.78974,5
554,13,0,165.34866,27,1,0.99610674,,
555,21,0,162.53159,29,1,,103.50675,
556,16,0,,28,1,0.12389534,,5
557,4,1,146.45338,20,1,0.025870813,79.566055,
558,10,0,166.1119,24,1,0.8153524,113.687614,2
559,23,1,144.32776,28,1,0.000052199826,105.72533,7
560,7,1,163.3357,21,1,0.9660801,88.79545,2
561,10,0,179.65227,26,1,,,
562,7,0,191.36443,23,1,0.73223823,100.35738,7
563,4,0,191.12558,22,0,0.7593333,107.919785,6
564,16,1,154.00511,25,1,,97.30088,6
565,3,0,186.64398,23,1,0.21270178,101.6748,7
566,6,1,156.0182,26,1,4.0366565E-14,84.123474,
567,10,1,165.1106,23,1,0.15885319,93.32533,2
568,8,1,153.88358,24,1,0.000035843896,,
569,3,0,178.01727,22,1,,92.29149,2
570,0,0,167.70767,21,1,,108.26219,2
571,5,1,160.50948,25,1,0.7166193,97.45567,2
572,19,0,173.36215,29,1,0.10400632,,5
573,,0,178.00974,32,0,0.0091957655,87.9791,3
574,17,0,177.16841,29,1,,106.96269,
575,11,0,193.28033,24,1,,100.03195,4
576,13,0,188.79044,27,1,0.999947,80.71883,2
577,9,1,138.93869,24,1,0.996429,100.91381,3
578,3,1,142.81277,25,1,,,2
579,5,0,194.0592,21,1,,85.96237,0
580,11,0,174.32831,27,1,0.9999398,112.39752,5
581,11,1,162.3686,26,1,0.99993813,103.661125,2
582,13,1,165.5938,27,1,0.0021047296,101.19341,0
583,18,1,164.99776,30,1,0.9047297,88.15535,0
584,6,0,193.84827,23,1,0.00000055587896,102.01716,2
585,14,0,,23,1,,97.34131,9
586,6,1,152.09227,24,1,0.72746426,106.18024,
587,13,0,,25,0,0.29803595,111.44403,
588,27,0,181.3852,34,1,0.3551368,,4
589,20,0,171.58327,29,1,0.45141736,110.87029,0
590,12,1,157.40218,24,1,0.00041577153,87.931244,0
591,17,0,,26,1,0.99449235,93.5524,3
592,24,0,174.19162,30,1,0.0016641334,,1
593,3,0,176.10402,23,1,1,81.23268,6
594,15,1,160.25702,29,1,,107.2133,2
595,18,1,159.20514,29,1,0.43659836,107.20073,0
596,22,1,161.0134,31,1,,103.86764,3
597,27,0,,32,0,,109.05553,3
598,8,0,,26,0,0.00014921349,96.60288,2
599,7,1,161.42738,23,0,,89.96482,3
600,0,0,191.1032,23,0,0.030137341,,2
601,13,0,,29,1,0.01870898,91.10203,4
602,18,0,,28,1,,99.278435,5
603,2,0,181.7609,21,1,0.9891125,94.38076,6
604,14,0,,28,1,0.98691076,105.93504,7
605,10,0,167.30544,27,1,0.4087942,108.16804,1
606,21,1,133.521,30,1,,89.83308,1
607,,0,185.27982,31,1,0.2881382,106.53735,2
608,0,1,151.78273,24,1,0.16240105,80.58913,5
609,13,0,183.39825,28,1,0.96206594,96.78835,4
610,11,0,178.8415,23,1,,94.378975,0
611,13,1,147.47707,27,1,0.0059867566,103.21799,4
612,,0,178.1933,32,1,,101.56712,2
613,7,1,156.08482,21,1,0.003677057,82.761505,6
614,0,0,193.7485,23,1,,106.25806,7
615,6,0,194.52934,23,1,0.48851016,91.144875,2
616,22,0,165.98228,26,1,0.9975592,91.379486,3
617,0,0,180.47974,23,1,0.00006019,103.04471,6
618,11,0,,26,1,0.00007514416,104.22206,6
619,0,1,158.29471,22,1,0.99612135,110.731995,4
620,0,0,,20,1,,104.54304,2
621,5,0,176.13004,23,1,0.96664184,109.931244,0
622,17,0,179.28496,27,1,,,7
623,10,1,164.1359,24,0,0.98298043,114.04585,1
624,11,1,168.09671,27,1,0.00038051087,108.88911,1
625,7,1,165.15596,27,1,0.000000042396334,89.82996,
626,17,1,152.44334,25,1,0.60962695,109.056335,
627,5,0,194.52103,22,0,0.9811832,103.80657,6
628,13,0,191.96474,29,1,0.21291277,97.582565,
629,19,1,152.01312,28,1,0.99998564,109.7302,0
630,15,0,174.72565,27,1,,102.008865,6
631,14,1,,25,1,0.7490548,105.039375,3
632,11,1,162.7287,24,1,,104.111725,0
633,10,0,178.77075,25,1,0.000020565602,109.72793,2
634,9,0,165.5799,23,1,0.0013009117,89.57604,
635,23,0,186.47075,27,1,0.9999997,96.395035,6
636,30,0,170.0651,36,0,0.744807,104.5607,0
637,10,1,156.2888,24,1,0.99829304,90.99907,7
638,6,0,175.35568,24,0,,99.4759,1
639,4,0,174.10641,25,1,0.5100931,93.41945,6
640,18,1,144.19211,32,1,0.000014605148,99.22251,5
641,4,0,167.13013,24,0,,98.11791,9
642,16,1,155.52864,26,1,,87.93605,5
643,19,1,127.03172,33,0,,98.32954,4
644,6,0,192.66261,25,1,0.022831969,106.09895,
645,2,0,193.85704,22,0,0.014151083,92.15596,
646,24,0,,31,0,0.2067122,100.75054,4
647,8,1,155.35301,24,1,,110.38495,2
648,7,0,,24,1,0.98465466,112.57761,9
649,14,1,137.29848,28,1,0.9995437,98.71928,3
650,4,1,158.08229,26,0,0.5482816,96.31974,5
651,1,1,155.39171,22,0,,101.97079,2
652,8,0,,24,1,,101.99071,2
653,12,1,167.73528,23,1,0.99245346,76.929405,5
654,8,0,182.10529,25,1,,105.30801,2
655,0,0,177.96066,20,1,0.88341105,89.991905,8
656,10,1,137.92584,21,1,,98.90919,5
657,11,0,175.79347,23,1,,86.77728,2
658,17,1,156.33765,26,1,,101.9621,
659,3,0,178.57211,24,1,0.90460503,97.13569,3
660,13,0,189.79453,26,1,,104.02685,2
661,14,0,,26,1,0.9450395,111.98841,6
662,3,1,149.77007,25,0,0.59261173,96.40235,4
663,11,0,188.91606,28,0,0.2939073,98.90725,4
664,13,0,178.4507,25,0,0.039243225,105.90759,4
665,6,1,160.99236,24,1,0.038454324,97.84909,2
666,12,0,186.69545,28,1,0.08495526,100.89096,5
667,18,0,186.73558,29,1,0.9948867,111.1814,2
668,5,1,173.5448,24,1,,97.73356,
669,19,0,179.94998,30,1,0.08119322,99.17149,8
670,12,0,191.20256,25,1,0.000331593,88.0904,3
671,6,0,188.7303,21,1,0.00026668323,98.672264,3
672,17,0,,28,0,0.12911333,93.568,
673,5,0,164.7018,22,1,0.3507136,82.50155,5
674,13,0,186.67407,26,0,,104.363525,4
675,10,1,155.60979,26,1,0.99968326,108.387535,2
676,,0,173.3825,32,1,0.26760206,94.339,7
677,12,0,185.4354,27,1,0.0011305264,106.06181,2
678,5,1,169.09708,21,1,0.9099611,108.73315,2
679,5,0,184.23627,24,1,0.99999976,97.75496,7
680,8,0,188.34431,20,1,,95.48677,1
681,4,0,,24,1,0.96593875,113.40032,2
682,14,0,184.73868,26,1,,90.98328,2
683,20,1,137.51926,26,0,0.9999954,108.46686,7
684,7,0,185.64871,24,1,,105.75415,5
685,14,0,,25,1,0.99966043,94.70684,7
686,18,0,187.79218,26,0,0.6863657,76.82524,
687,0,0,184.39262,20,1,,,
688,10,0,,23,1,0.000040188363,,1
689,20,0,189.60883,29,1,0.99999994,96.3052,0
690,23,0,183.48189,26,1,0.9998598,79.150696,2
691,12,1,168.09676,29,1,0.9905825,107.0409,6
692,7,0,,25,1,,102.22238,4
693,0,0,,21,1,0.0000000345606,94.28231,2
694,18,0,192.76738,28,1,0.000032503776,,1
695,15,1,134.85417,25,1,0.80766803,95.7038,6
696,2,1,135.58693,24,0,0.88150424,89.54911,7
697,30,0,194.53706,32,1,0.9959356,96.00716,5
698,11,0,183.48863,26,1,,90.79354,2
699,18,0,183.50089,27,1,0.9567902,103.86829,3
700,17,0,192.98083,26,1,0.99999076,87.76044,3
701,27,0,156.32562,30,0,0.99993986,98.36498,5
702,5,0,187.4322,20,1,0.017875893,106.69627,5
703,11,1,165.23248,24,1,,101.81872,3
704,4,0,184.66974,24,1,0.99995756,104.52899,2
705,10,0,186.80695,26,1,,89.508224,6
706,10,0,,24,0,0.029301751,83.7249,7
707,16,1,154.08325,28,1,,89.324615,2
708,16,0,190.86647,26,1,,108.26001,
709,6,0,190.18398,23,1,0.99149895,89.446304,5
710,11,0,,22,1,0.0045792516,,2
711,28,1,157.47089,32,1,,97.7542,2
712,14,0,186.24109,28,1,0.57564425,96.93967,3
713,13,0,176.19447,26,0,0.0000075512,103.43121,3
714,3,0,167.79071,20,1,0.019119047,91.685776,1
715,,0,176.56888,32,1,0.00061057194,111.22199,
716,11,1,153.77231,24,1,,104.409935,0
717,22,0,194.24117,31,1,0.23343919,103.19259,0
718,31,0,171.66043,30,1,0.0018987375,100.99836,0
719,12,0,176.88945,24,1,0.9899181,108.465515,2
720,5,0,194.6167,21,1,0.6452714,95.861855,1
721,10,0,190.50185,24,1,0.998028,99.82868,4
722,17,0,,30,1,0.83966863,89.32706,2
723,7,0,179.6605,24,0,0.995061,100.25841,
724,32,0,171.3471,34,1,0.99873394,101.22901,
725,2,0,,21,1,,87.864006,3
726,6,0,185.90044,21,1,0.97906065,100.55205,1
727,2,0,175.34808,23,1,0.000171334,95.37883,5
728,13,0,169.35284,29,1,0.055983413,112.35645,8
729,8,0,183.32826,23,0,0.40540597,98.60301,4
730,5,1,150.42216,23,1,0.0000013324423,83.56404,7
731,38,1,161.92293,36,1,0.5162887,113.33705,5
732,16,0,180.0628,27,1,,86.2681,2
733,,0,166.16016,31,1,0.9955558,91.40162,4
734,14,1,158.48328,24,1,0.49862024,102.05257,
735,,1,150.91925,33,0,,,8
736,3,0,,22,0,0.98509985,101.7068,1
737,6,0,183.24974,23,1,,96.22471,3
738,16,0,,26,1,0.3547127,106.1846,0
739,10,0,187.65356,25,1,,90.80783,2
740,7,0,,23,1,,106.46808,3
741,6,0,179.7515,24,1,0.38704544,94.76224,5
742,19,1,142.30858,28,1,0.9165474,102.86384,4
743,6,1,,24,1,,89.95348,3
744,7,0,,25,1,0.00012390428,108.05219,8
745,15,0,194.99504,26,0,,97.40669,6
746,27,1,153.24205,30,1,,94.99349,5
747,4,0,,23,1,0.999974,110.30549,0
748,22,0,175.60107,29,1,0.997875,109.14632,1
749,13,1,145.99445,27,1,0.7363937,102.08464,1
750,25,1,147.53046,29,1,0.99999994,108.2313,2
751,10,0,177.82063,23,1,0.98199546,,5
752,27,0,190.46008,31,1,,97.49879,1
753,17,0,160.82277,27,1,,92.89377,1
754,4,0,180.75928,21,1,,106.67809,6
755,17,0,180.6589,26,1,,90.448296,
756,26,0,,27,0,0.9929027,112.93106,2
757,20,1,163.26997,29,1,0.999982,106.98138,7
758,8,0,194.85439,29,1,0.9999998,96.69133,
759,18,0,171.16425,26,1,0.830473,103.152596,
760,2,1,153.60777,20,1,,96.77077,5
761,8,0,,24,1,0.48907572,96.79729,7
762,21,1,157.32393,28,1,0.97933406,97.75136,1
763,0,0,183.41649,21,1,0.25493535,106.75621,4
764,14,1,150.11494,27,1,0.50105596,93.71181,2
765,1,0,176.90547,22,1,,,2
766,18,0,186.65836,29,1,,92.279274,3
767,11,0,192.97763,24,0,0.00002367167,79.87581,6
768,16,0,186.5709,29,1,0.5944631,110.107956,0
769,10,0,178.09764,26,1,0.9729607,87.96401,3
770,7,1,141.47592,26,1,0.026698984,97.33171,7
771,6,0,178.47923,24,1,0.0743773,90.41767,4
772,7,1,140.52397,25,1,,106.844795,
773,11,0,,25,1,,98.83067,8
774,13,0,174.15334,27,1,0.93994075,97.88013,0
775,25,1,172.27902,30,1,0.9995899,95.60671,5
776,23,0,,30,1,,103.14391,7
777,2,0,175.5141,23,0,,98.987404,1
778,12,0,181.1545,26,0,0.000095856216,111.96446,7
779,0,1,155.25925,21,1,0.00028251714,113.251564,0
780,12,0,171.18123,26,0,0.00032036824,113.15749,
781,5,0,177.72124,24,1,,93.470535,8
782,7,0,186.9375,23,1,,100.91935,3
783,6,1,164.0083,24,1,,88.52157,0
784,4,0,181.15286,26,1,0.9996058,90.966736,2
785,24,0,176.20683,35,1,,99.64406,4
786,13,1,156.61935,24,1,0.000000040799076,89.6591,0
787,20,0,,28,1,0.0040042526,91.58215,0
788,10,0,189.36584,26,1,,100.81174,3
789,10,0,186.82332,25,1,,101.65848,3
790,17,0,164.8974,27,0,,90.68356,6
791,18,0,172.29536,30,1,0.9266726,90.99051,
792,6,0,191.10303,26,1,,95.56856,2
793,13,0,175.32584,26,1,0.99775743,93.61029,2
794,14,1,149.443,26,1,0.94933516,97.166145,
795,15,0,169.33699,27,1,,108.246025,4
796,4,1,171.18686,27,1,0.4616635,103.33382,
797,,0,182.50719,31,1,0.62016976,85.228645,2
798,0,0,188.06181,22,1,,106.03928,0
799,15,0,,28,1,0.0015391471,108.49786,8
800,3,1,156.07765,23,1,,72.568085,2
801,20,1,161.17148,27,1,0.78356004,105.74829,
802,18,1,169.01787,26,1,0.99735904,,
803,12,0,182.53522,26,1,0.9999737,101.49908,0
804,6,0,179.45258,22,1,,95.280624,3
805,10,1,148.087,24,1,0.9506194,92.07855,0
806,15,0,184.37804,28,0,,99.95872,2
807,12,0,187.93088,26,1,0.99998033,,1
808,2,0,177.9164,21,1,,102.46157,2
809,4,0,,25,0,0.99998957,91.3112,2
810,,0,183.61333,33,1,0.19758832,101.65987,1
811,21,0,189.87021,29,0,0.57304925,108.850136,3
812,19,0,174.29811,29,1,,99.6891,2
813,8,0,169.76912,25,1,0.03371766,92.086494,0
814,9,0,184.26764,28,1,0.56450474,,8
815,17,0,177.06,29,1,0.9999991,108.4838,2
816,8,0,,24,1,0.101841874,100.0117,2
817,11,0,162.61526,24,1,,83.91118,1
818,3,0,171.28839,24,0,0.90181243,88.00375,3
819,11,1,151.32501,26,1,0.9986042,107.54295,0
820,3,1,139.31189,26,1,0.0028283591,94.84681,0
821,0,0,190.52296,21,0,0.92900395,99.93426,7
822,10,1,142.16534,24,1,0.000011271554,104.14529,1
823,18,0,192.25015,26,1,0.068625614,83.649475,3
824,7,1,165.55066,24,1,0.0024300113,90.89467,7
825,15,1,159.17957,28,1,,101.62091,0
826,4,1,164.43353,21,1,,79.769775,9
827,1,0,181.07138,24,1,0.78768975,,
828,,0,173.60484,33,1,,86.93292,3
829,0,0,184.51701,21,1,,84.21825,2
830,,0,177.02196,35,1,0.9094124,107.04045,
831,1,1,146.93112,22,1,0.36315715,105.697655,
832,9,1,159.1754,26,0,0.6190318,96.825905,6
833,9,0,191.66322,24,1,0.0000064990277,93.108,5
834,8,0,177.28879,23,1,0.0010752851,79.52138,8
835,10,1,165.65334,26,1,0.99996114,109.77942,2
836,20,0,177.06537,33,1,1,86.84918,3
837,1,0,187.16377,22,1,0.000000031917093,111.65422,2
838,0,0,,20,1,,105.285774,
839,15,0,179.30426,26,0,0.6181453,79.07121,2
840,26,1,146.42523,29,1,0.25817132,102.0083,4
841,4,0,182.87697,23,1,0.9999995,100.33649,7
842,13,0,188.20676,25,0,0.065850794,88.21614,6
843,20,1,167.60117,29,1,0.486505,102.669525,2
844,9,0,181.23068,23,0,0.03216317,109.92832,4
845,0,1,159.1594,20,1,0.99999946,80.28607,2
846,2,0,168.18144,23,1,0.0015541576,105.77679,3
847,11,0,184.55417,27,1,0.066625364,98.10476,7
848,12,1,144.83127,26,1,0.0007613139,109.11586,2
849,10,1,172.88962,25,1,,98.2309,7
850,3,0,171.36143,22,1,0.000013519284,100.593864,
851,13,0,178.71495,24,1,,105.24634,6
852,1,0,173.12434,22,1,0.0010201627,96.85517,1
853,5,1,167.9346,26,1,0.40009207,106.80818,1
854,21,0,186.38141,29,1,0.40883127,97.23785,3
855,17,0,,27,0,0.000008105455,105.08136,2
856,9,0,171.07988,25,1,,92.28538,6
857,8,1,139.8924,23,1,,109.38862,3
858,5,1,148.78743,23,0,,91.41084,
859,15,0,190.14185,29,0,0.9999993,94.31369,6
860,8,0,192.44759,27,1,0.919713,110.16122,0
861,3,1,146.8138,22,1,0.011626159,104.8441,5
862,6,1,124.973145,23,1,0.028967323,93.574295,1
863,6,0,186.86342,22,1,,105.028244,4
864,13,0,,28,1,0.85144335,75.81445,1
865,20,0,178.98401,27,1,0.5063631,92.00341,3
866,15,0,188.77762,29,1,0.0315821,114.79234,2
867,10,1,159.57286,25,1,0.1910613,93.57673,
868,0,0,,22,1,0.000007913452,,7
869,10,1,151.72597,22,1,0.00032621337,98.336945,5
870,10,0,190.57294,22,1,0.99998546,106.703,5
871,10,1,137.70052,25,1,0.011813905,106.71648,0
872,22,0,184.35529,29,1,0.90448993,,6
873,10,0,170.35095,24,1,0.37517157,101.04816,4
874,6,1,169.19681,21,1,0.99995744,104.53453,0
875,3,1,158.46735,23,1,0.99833494,96.177376,3
876,12,0,183.92467,24,1,0.9999957,84.160446,5
877,14,1,145.3641,24,1,0.99943966,90.67342,1
878,2,0,,22,1,,111.03618,6
879,3,0,176.56418,22,1,0.00002151119,98.14995,2
880,30,1,126.52993,34,1,0.997115,,7
881,25,0,185.86633,36,0,0.00018019011,102.29813,8
882,14,0,184.42953,26,1,0.009298519,103.85301,
883,3,1,170.2327,21,1,0.11318948,88.63178,5
884,0,0,172.09947,22,1,0.9978389,98.79743,2
885,8,0,176.61359,27,1,0.025930787,104.79632,1
886,22,0,185.72426,28,1,0.9999993,,5
887,17,0,183.51453,31,1,0.0030569609,108.19585,3
888,,0,188.57791,31,1,,96.9791,2
889,6,0,167.83432,23,0,,105.3767,8
890,28,0,174.23903,30,0,0.7844994,101.631874,
891,14,0,192.81569,30,1,0.12610322,109.249,4
892,,1,160.29082,32,1,,111.800095,2
893,12,0,183.28633,25,1,,,7
894,17,1,166.69276,26,0,0.9978404,103.831795,5
895,11,0,184.5069,29,1,,114.0271,8
896,16,0,194.7174,24,1,0.84726053,103.77845,4
897,27,0,193.71133,30,1,,98.38896,0
898,15,0,192.99348,26,1,0.083993495,93.31717,2
899,18,1,145.63582,30,0,0.7758475,102.44119,6
900,6,0,,23,1,0.69482523,104.8395,8
901,16,0,181.4688,29,1,0.53470224,75.44126,
902,21,0,191.08012,30,1,,106.53376,3
903,6,0,179.04047,24,0,6.273978E-11,101.66872,3
904,16,1,150.76918,26,0,0.9945193,106.29724,
905,15,0,189.51836,25,0,0.9260881,106.05669,9
906,18,1,154.436,24,1,0.9874233,95.68607,2
907,19,0,177.70767,29,1,,110.532166,1
908,14,0,174.59653,25,0,,89.12204,0
909,0,0,183.24495,23,1,,91.68033,1
910,8,0,179.85002,23,0,,92.128685,2
911,22,0,187.74268,28,0,0.41229442,106.64198,3
912,19,1,167.94084,29,0,,111.33012,
913,3,0,,25,1,,106.06784,3
914,20,0,180.73178,28,1,,89.37843,6
915,12,0,170.94583,24,1,,110.12857,2
916,13,1,148.03229,29,1,0.000000095420496,84.613045,2
917,6,0,189.00615,23,1,0.017571244,87.52738,2
918,11,0,179.97406,25,1,0.9997538,104.64023,7
919,15,0,180.37682,27,1,0.2807391,110.27588,3
920,27,0,177.45013,32,1,,,5
921,13,1,157.5562,26,0,0.44839573,,5
922,8,1,153.09679,22,1,1,85.12145,3
923,12,1,166.95096,26,0,0.8593514,92.59357,1
924,11,0,179.68768,25,1,0.4397435,85.68683,0
925,17,0,190.51102,28,0,0.95966876,73.48398,3
926,14,1,149.58629,26,1,,105.02745,3
927,14,1,168.49817,28,1,0.6704191,87.03745,3
928,17,0,,25,1,0.9826703,98.65376,6
929,10,0,173.02542,30,1,0.94610226,114.88115,3
930,,1,162.1855,35,1,0.6404966,86.92145,6
931,15,0,184.19238,27,1,0.0025087881,93.27357,2
932,1,0,192.97961,22,1,,97.521835,2
933,7,0,193.06429,24,1,0.048664432,108.81211,3
934,0,1,132.5487,22,1,0.0000015088339,99.12184,5
935,11,0,,25,1,0.9999989,100.35424,1
936,,1,159.43303,31,1,,85.84626,4
937,26,1,152.79448,29,1,0.38839647,105.19092,6
938,20,0,182.08417,31,0,,106.66599,2
939,6,0,175.25923,25,1,,113.01026,9
940,0,0,183.47241,21,1,0.04991475,95.381165,6
941,6,0,189.0422,24,1,,83.30257,2
942,16,0,190.44469,26,0,,89.53905,3
943,13,0,175.20325,27,1,0.5230666,112.012726,9
944,9,0,194.76807,21,1,,97.302086,4
945,16,0,,28,0,,,2
946,0,1,159.89384,21,1,0.00063016446,114.36334,5
947,16,1,162.96382,29,1,0.06623522,112.622116,0
948,3,0,186.7993,23,1,0.6858718,94.576675,
949,11,1,155.59781,23,1,0.000000039857916,77.14198,4
950,15,1,159.36464,28,0,,107.97601,2
951,3,0,184.08946,20,1,0.007887363,107.349815,0
952,9,0,,27,0,0.00031235843,94.347496,4
953,19,0,184.05803,27,0,0.48482606,77.73188,4
954,25,0,193.54079,36,1,,,6
955,15,0,190.12936,25,1,3.9653048E-11,92.88147,1
956,18,0,170.68239,27,1,,,2
957,20,0,188.18227,32,1,,,7
958,5,0,188.50314,24,1,,97.899895,1
959,2,0,179.85577,22,1,0.19353963,111.04302,3
960,22,1,,31,1,,105.84365,
961,13,1,166.79391,25,0,0.00000004011563,100.6466,4
962,8,0,175.19678,25,1,0.124495186,98.629,7
963,0,0,174.53174,21,1,0.9482963,,
964,4,1,143.54047,24,1,,97.70041,3
965,10,0,173.03859,25,1,0.4622234,88.37393,7
966,5,0,159.57146,21,1,0.9998346,101.64032,5
967,14,0,182.72559,24,1,,93.06825,8
968,14,1,149.99559,27,1,0.89321274,95.277054,4
969,5,1,147.92645,23,1,0.00002383754,100.96893,8
970,0,0,164.71188,21,1,0.0000046545338,105.33723,1
971,10,1,133.83755,24,0,,100.39562,0
972,6,1,151.48604,24,1,,93.537224,0
973,18,0,179.88557,27,1,0.6141265,97.368286,1
974,7,0,187.33067,23,1,0.022603292,87.53125,1
975,4,0,,23,1,0.33444288,92.45172,2
976,13,0,188.9474,26,1,1,107.09044,2
977,0,0,176.17255,24,1,0.5729334,109.738144,6
978,12,1,140.33475,25,1,0.9361561,82.89288,0
979,10,0,188.14145,25,1,0.0000074413088,110.71865,5
980,13,1,151.13493,24,1,0.99040645,92.73886,
981,3,0,182.40639,23,0,0.9822238,104.05299,1
982,9,1,146.45564,24,1,0.9652956,95.00018,3
983,8,1,143.30127,23,1,0.9448195,95.62525,3
984,3,0,187.00696,24,0,0.99910516,110.408195,7
985,1,0,164.55826,24,1,0.9240299,96.957,
986,18,0,185.1492,30,1,,88.47885,2
987,,1,133.1731,32,1,,,
988,9,0,186.11041,26,1,0.99876267,97.546165,3
989,11,1,143.79912,24,1,,85.1526,2
990,5,0,176.23053,23,1,,83.26701,3
991,5,0,186.12749,23,1,0.0000000050525704,99.61595,2
992,0,1,154.92,22,1,,83.20548,2
993,2,0,172.49814,22,1,0.99778277,107.42714,3
994,26,1,140.42432,31,1,,105.26408,4
995,19,1,131.07025,27,1,0.000000709274,90.53801,6
996,3,0,186.27988,22,1,,98.13549,8
997,3,0,,23,1,0.0000036549814,104.83638,6
998,9,1,140.7921,24,1,0.99371636,109.93364,7
999,6,0,,23,1,0.006289509,108.7113,8
